Number of Agents,Test Agent Velocity,Test Agent Density
30,0.38661710037174724,0.8877271070693226
