Bottleneck Heights,Values
0.5,0.009570154095701541
0.7,0.014906518443658413
0.9,0.024894514767932488
1.1,0.024894514767932488
1.3,0.02404237978810106
1.5,0.026989935956084173
1.7,0.027777777777777776
1.9,0.028612997090203686
2.1,0.02945581627558662
2.5,0.031874662344678555
